Tracker,idf1,idp,idr,recall,precision,num_unique_objects,mostly_tracked,partially_tracked,mostly_lost,num_false_positives,num_misses,num_switches,num_fragmentations,mota,motp,num_transfer,num_ascend,num_migrate
BotSort,0.20820161182599403,0.3303659742828882,0.15199583929267976,0.3327590690417371,0.7232584428430126,28,1,11,16,3917,20527,90,1062,0.20250942660252247,0.35392722912895924,10,60,0
ByteTrack,0.08071456816542998,0.14189907581581745,0.05639708750487583,0.29141204004680793,0.7332133802240942,28,1,9,18,3262,21799,900,1424,0.15612404108698474,0.3518665607893055,3,686,0
DeepSort,0.1666629846459737,0.2601199917247086,0.12261084384345339,0.33457937849434405,0.7098131163368043,28,1,10,17,4208,20471,219,1136,0.19067741516057735,0.3551466593053118,16,104,3

