idf1,idp,idr,recall,precision,num_unique_objects,mostly_tracked,partially_tracked,mostly_lost,num_false_positives,num_misses,num_switches,num_fragmentations,mota,motp,num_transfer,num_ascend,num_migrate
0.2474402039742604,0.21149366971842354,0.29810817839032633,0.7373228448836302,0.5230957267716717,28,7,16,5,20680,8081,594,707,0.04580028604862829,0.3359788737425848,147,36,12
