idf1,idp,idr,recall,precision,num_unique_objects,mostly_tracked,partially_tracked,mostly_lost,num_false_positives,num_misses,num_switches,num_fragmentations,mota,motp,num_transfer,num_ascend,num_migrate
0.18314412160862037,0.22441761765538054,0.15469379794565077,0.43505395917305945,0.6311421295859663,28,2,11,15,7822,17380,264,1074,0.1722142764269926,0.36040629294708043,23,116,3
