Tracker,idf1,idp,idr,recall,precision,num_unique_objects,mostly_tracked,partially_tracked,mostly_lost,num_false_positives,num_misses,num_switches,num_fragmentations,mota,motp,num_transfer,num_ascend,num_migrate
BotSort,0.227797513321492,0.30047923322683706,0.18342868287608893,0.410902353400078,0.6731096911608093,28,2,11,15,6139,18123,89,615,0.20845793784943445,0.3574928534792454,10,63,0
ByteTrack,0.14902159507289311,0.18608839563862928,0.12426862566636328,0.42507476270966066,0.6365362149532711,28,2,12,14,7467,17687,284,1260,0.173124431153296,0.3601720050829371,13,121,0
DeepSort,0.18314412160862037,0.22441761765538054,0.15469379794565077,0.43505395917305945,0.6311421295859663,28,2,11,15,7822,17380,264,1074,0.1722142764269926,0.36040629294708043,23,116,3
