idf1,idp,idr,recall,precision,num_unique_objects,mostly_tracked,partially_tracked,mostly_lost,num_false_positives,num_misses,num_switches,num_fragmentations,mota,motp,num_transfer,num_ascend,num_migrate
0.14902159507289311,0.18608839563862928,0.12426862566636328,0.42507476270966066,0.6365362149532711,28,2,12,14,7467,17687,284,1260,0.173124431153296,0.3601720050829371,13,121,0
