idf1,idp,idr,recall,precision,num_unique_objects,mostly_tracked,partially_tracked,mostly_lost,num_false_positives,num_misses,num_switches,num_fragmentations,mota,motp,num_transfer,num_ascend,num_migrate
0.17018058050486906,0.2034266082003526,0.14627486672734366,0.4391171499154856,0.6106866778174586,28,2,11,15,8612,17255,469,1165,0.14393446885970618,0.3602704112209843,142,21,12
