idf1,idp,idr,recall,precision,num_unique_objects,mostly_tracked,partially_tracked,mostly_lost,num_false_positives,num_misses,num_switches,num_fragmentations,mota,motp,num_transfer,num_ascend,num_migrate
0.22972918323605138,0.19625048941707549,0.27697958652971005,0.7374203614614484,0.5224901540800111,28,7,15,6,20733,8078,588,713,0.044370042907294294,0.3357306477588107,160,32,13
