idf1,idp,idr,recall,precision,num_unique_objects,mostly_tracked,partially_tracked,mostly_lost,num_false_positives,num_misses,num_switches,num_fragmentations,mota,motp,num_transfer,num_ascend,num_migrate
0.22390470421966485,0.2954811893850581,0.18024314133402677,0.40885450526589523,0.6702547159757007,28,2,11,15,6188,18186,107,618,0.20423221947731118,0.3568384229933149,12,67,0
